Model,Repo,Function Num,Prompt Type,Average Codebleu,Codebleus
GPT-3_5-Turbo,StackJanitor,1,type2,0.5500666371329874,"[0.646992391476279, 0.5778897762686691, 0.425317743654014]"
GPT-4,laconiajs_laconia,2,type3,0.4839712127756754,"[0.4646285093663695, 0.5337801800744644, 0.4535049488861923]"
DeepSeek-Coder-V2,JuliaRegistries_TagBot,1,type1,0.7802244692530316,"[0.8785195044652396, 0.765510643194681, 0.696643260099174]"
CodeQwen1_5-7B-Chat,craftship_codebox-npm,2,type3,0.618207376466977,"[0.5305804564078374, 0.6507345405708642, 0.6733071324222292]"
Artigenz-Coder-DS-6_7B,JuliaRegistries_TagBot,1,type2,0.3650753841874325,"[0.3679385170769528, 0.36368823350884877, 0.36359940197649593]"
