,LOC,CC,COG,Halstead
GPT-3_5-Turbo,16.0,4.333333333333333,1.3333333333333333,305.66866666666664
GPT-4,38.333333333333336,6.333333333333333,3.3333333333333335,1433.8326666666665
DeepSeek-Coder-V2,59.666666666666664,17.0,10.666666666666666,76.12899592752422
CodeQwen1_5-7B-Chat,41.0,3.3333333333333335,6.333333333333333,1308.3363333333334
Artigenz-Coder-DS-6_7B,45.666666666666664,15.0,11.0,78.38534710851853
